,sex,num_segs,var_segs,wmean_segs,disp_segs
CDS-PxBI5X,Male,278,347.4995214725799,0.07455705800655732,4660.85345591315
CDS-m7XYuu,U,225,59.39093800400319,0.08306419689174656,715.0004481642608
CDS-nru2hL,Male,230,0.24162111806526035,0.8133459688974112,0.29707053001419187
CDS-SPHuIC,Female,346,0.6910645048622316,0.04034784011576889,17.127670350615553
CDS-9dGLw6,Male,3,0.02317232562048827,0.32630254500070827,0.07101484795479597
CDS-W8Qvx2,Male,1,0.0,0.4166225980739152,0.0
CDS-eIj3M5,U,341,0.12166368824985026,0.01452623605879274,8.375444799150648
CDS-yn3mxf,Male,6,0.03104496646443516,0.14684215401397785,0.21141726415617687
CDS-HMO5wH,Male,34,3.6284651325061956,1.2379616833292753,2.9309995465676217
CDS-xvtYY4,Female,950,0.005671618349832785,0.044977395132024645,0.12609930684479545
CDS-YBo5V2,Female,312,0.086354925028751,0.029581387944637272,2.919231686841998
CDS-ucVmnw,Female,481,91.74210055278297,0.08672468770765121,1057.8544930832782
CDS-0bV15m,Male,1,0.0,0.7173345380063273,0.0
CDS-Mxb6kx,Female,321,45.83992994204807,0.07755650085188298,591.0520644761029
CDS-YOHMJr,Female,280,22.044253751073263,0.021493720494810006,1025.613678953171
CDS-2q4B3f,U,1,0.0,0.4984176281676388,0.0
CDS-bNHw6E,Male,3,0.04682777887392683,0.4964030058709478,0.09433419685234715
CDS-H06sEb,Female,269,15.10528225071833,0.024246318515011113,622.9928160585087
CDS-f2OOp6,Male,313,0.4419698141585538,0.016236362367355282,27.220987322084856
CDS-WiJdsP,Male,1,0.0,0.478945697939388,0.0
CDS-GL5YYy,Female,281,0.4437808419308422,0.06206151920238486,7.150660306649227
CDS-Mcdv5p,Male,363,0.20410168998715117,0.014267575506424166,14.305281923705374
CDS-Uk1KDP,Male,6,0.09578428751720537,0.6924039822095085,0.13833584147155126
CDS-e0vZsR,Male,271,0.6043977101824405,0.019229341984968396,31.43101363816292
CDS-sWdZfm,Female,312,0.369866653709034,0.014280004798651852,25.901017466321328
CDS-Rd4nMx,Male,267,79.83386835950108,0.29075204379593417,274.57715281111797
CDS-hbx0C6,U,264,120.64680391660967,0.08281482257811458,1456.826207685349
CDS-82ZkGF,Male,228,345.74899520688325,0.1188212390394364,2909.824859612264
CDS-oHDMRa,Female,257,85.97544090057166,0.07665284489539474,1121.6210046463261
CDS-ulp4x8,Female,378,161.1904006309823,0.17443300607634768,924.0819971905477
CDS-hKsmPi,Male,501,0.05051090283472693,0.040976432149099386,1.232681816975544
CDS-Ozbqsy,Female,182,0.7986546120264961,3.326188712193428,0.24011103431946587
CDS-rIh3Gy,Female,220,2.029200489414924,0.053007615866695376,38.28130083265768
CDS-IKEsMQ,Male,1,0.0,0.5236881990009873,0.0
CDS-Q8aHBq,Female,307,0.43357789611062336,0.021107727588157665,20.541192522963915
CDS-aHx2GL,Male,1,0.0,0.3945715933423559,0.0
CDS-7Eha3A,Male,9,0.07314877061724362,0.06272783353302515,1.1661293957925714
CDS-DjwMhs,Female,294,284.6202559185707,0.12209557019387957,2331.1268006416026
CDS-maYyfG,Female,231,25.964533764199352,0.05906281310790355,439.60882318226186
CDS-6Rxrv4,Male,1,0.0,0.4335667420232134,0.0
CDS-sKf2sh,Male,215,40.03267102732532,0.02018106339123707,1983.6750051886822
CDS-BwSmbX,Female,276,87.45118172627353,0.06148204757283647,1422.3856422913043
CDS-2qfMjx,Male,1,0.0,0.2591824612190009,0.0
CDS-EnKWpV,Female,438,74.06716721059269,0.05382600979007786,1376.0478902199068
CDS-p8hyX4,Male,359,0.1940206314668787,0.011528244152658136,16.83002449441897
CDS-Cj2ObY,Male,190,1.92584339592876,0.2587700305197267,7.442296899918432
CDS-lirQKW,Male,288,0.14378192546065696,0.013781886428693133,10.43267380010554
CDS-kd8VVQ,Female,412,0.3221652818116019,0.03918303056611413,8.222061365774337
CDS-8Ut3sT,Male,1,0.0,0.409379282868012,0.0
CDS-GRed6n,Male,222,11.571487243591971,0.02103537043814293,550.096670634793
CDS-rBd85E,Male,2,9.673415579291923e-05,0.44527611374865944,0.00021724532892308207
CDS-TNhkS1,Female,268,0.14676711625102537,0.12027537175297048,1.220259094708644
CDS-FwnyU0,Male,364,1.6633284904437062,0.01966192076810521,84.59643948631366
CDS-5VcBUG,Male,206,0.5169910288971648,0.015760826225234136,32.80227962093939
CDS-Kr3gYh,Female,269,98.60620002617334,0.10686963439919615,922.6774338709166
CDS-VH59KV,Female,261,37.549835131874836,0.08074355934609997,465.0505307912035
CDS-5KPLaO,Male,1,0.0,0.3132021453833599,0.0
CDS-hRmID2,Male,4,0.037909945886994326,0.4120241829879561,0.09200903114976257
CDS-ttmLuC,U,1,0.0,0.5232244993613914,0.0
CDS-V2KlEn,Female,315,0.5727386400470255,0.021192216325337684,27.02589626561389
CDS-NDaM5V,Male,611,3.601012707080842,0.07053742473552761,51.05109409058308
CDS-8Is9nq,Male,276,52.18693062583479,0.02655479714320224,1965.25435100882
CDS-Qqy4Sv,Male,183,5.6530811487024355,11.122468505383933,0.5082577798234277
CDS-qJ5FV2,Male,3,0.29374003754409217,0.6832241750298285,0.429932148597154
CDS-k27QXa,Female,250,1.4878995463660303,0.03475570936838838,42.81021948351688
CDS-Mw0MtS,Female,206,11.263828115797644,0.014463169083373154,778.7939179074198
CDS-FylkjA,Male,5,0.2429515020538539,0.969242976104713,0.2506610912263206
CDS-FfS0KQ,Male,3,0.11926101650691494,0.7326774677162394,0.1627742379995011
CDS-wzFULi,Male,328,0.36118305468079837,0.03707586158986644,9.741730581374183
CDS-GXeyUw,Male,1,0.0,0.5370565829114783,0.0
CDS-UTp8wZ,Male,268,0.6751819626380474,0.039751374564422126,16.98512240234183
CDS-ZJh6UN,Female,387,45.711267743490644,0.08152700573136427,560.6886617927763
CDS-lyf6Uw,U,1,0.0,0.4946870369727516,0.0
CDS-kQrJXE,Female,213,19.353020939539455,0.028710347427968682,674.078256562175
CDS-EHvGog,Male,328,11.508105871845842,0.02629969628771671,437.57561859072536
CDS-NLKrJU,Male,1,0.0,0.4676146389169597,0.0
CDS-559hUY,Male,56,4.147120315728391,0.85704623281575,4.838852511028946
CDS-j6kc2h,Male,236,14.918397841184062,0.024256106863224897,615.036779203925
CDS-h7rJXf,Female,278,34.4987620587081,0.08980970481114092,384.13178321045456
CDS-XmQA0x,Male,299,0.6479732352888238,0.05185434186700492,12.496026599869571
CDS-yi2mtY,Female,275,398.08119154527435,0.12356503927410122,3221.6328654436056
CDS-KWhXWT,Male,3,0.06060700005416068,0.5199323146919033,0.11656709602686384
CDS-M9kJ4N,Female,189,31.489101890456194,0.018200228405877244,1730.148720567028
CDS-2I6NbU,Female,242,39.31161714875388,0.023547836749389116,1669.4364568233095
CDS-NcytGl,Female,233,84.45999849165655,0.029628843503969195,2850.6005804898177
CDS-AeyYn4,Male,7,0.05478110844223927,0.5091076266143957,0.10760221528508185
CDS-R99tiF,Male,281,0.1780988803801734,0.012875655951764528,13.832218028143728
CDS-1G47Qx,Female,228,1.2852600080761278,0.0213372770197986,60.23542773914173
CDS-cjMTSm,Female,242,23.039121759235577,0.05052478693046361,455.9964159956562
CDS-wtUKby,Male,5,0.06345921594976914,0.49800248436659844,0.12742750878137069
CDS-bx1Adl,U,342,0.7842742917730461,0.04660526438644382,16.828019368583814
CDS-753lzg,Female,247,13.466494069772525,0.042960889483822456,313.45938670202645
CDS-jP9Ha0,Female,306,307.9110610783635,0.05653324202367424,5446.548792468343
CDS-1YwLXW,Male,629,0.4486314796283661,0.011424344565506927,39.26977841537635
CDS-G0Lkdv,Male,269,0.34952549249783027,0.015339679274460016,22.785710590427858
CDS-nC6iXU,Male,1,0.0,0.5868916144322508,0.0
CDS-0e3PRe,Female,217,7.902110909753254,0.0335150766357784,235.7777962326812
CDS-jknnae,Female,211,56.92723109126684,0.05549661087396676,1025.778515025882
CDS-R2wJiU,U,5,0.11302324609439243,0.39262557263705894,0.28786521808876303
CDS-j6s4KS,Male,1,0.0,0.2973805093993301,0.0
CDS-RDBHMv,U,18,0.03521531148065096,0.558812499957781,0.06301811695928693
CDS-p69aRs,Male,3,0.1335450928660367,0.7776265986802963,0.1717342142008452
CDS-BLsNdt,Female,257,15.4898658408711,0.018600866525286645,832.7496904412305
CDS-pszEOi,Male,3,0.019511329515230533,0.39176548773923925,0.04980359456322849
CDS-q4czwx,Female,337,6.015241870830684,0.045190251817447805,133.1092797431197
CDS-Q35ZbB,Female,1,0.0,0.4456917001912815,0.0
CDS-5Kb44c,Female,239,21.654437333190266,0.019779198471134192,1094.808637710613
CDS-BXIBwR,Male,252,173.58680331721877,0.10339276385783891,1678.9066936627594
CDS-jFfACT,Male,252,27.192882409816644,0.01867042073515699,1456.4686460767105
CDS-eeR89p,Male,465,30.572141827019596,0.0918458598454638,332.86358120506543
CDS-vNnvMG,Male,1,0.0,0.5690127954330717,0.0
CDS-uXkGBY,Female,217,9.913186900770034,0.031219077269276974,317.53619158134785
CDS-x8gnvF,Female,336,0.844126091476254,0.013402973102758902,62.98051074223949
CDS-Akl3B7,Female,540,84.19238989918271,0.1899852657547219,443.15220743422407
CDS-y7yI24,Male,190,34.08610580755466,0.027096628282081987,1257.9463929131934
CDS-JsZ9Nh,Female,191,124.28078233421378,0.03179810465327602,3908.433653180322
CDS-2Ww8hQ,Male,378,0.41905049264475164,0.025257177450904597,16.591342934471214
CDS-JKjBa9,Male,169,3.427091189556761,0.3563982415600719,9.615903755740376
CDS-sosg6Y,Male,1,0.0,0.401788450727198,0.0
CDS-kaoPeL,Female,275,80.30507437898908,0.07722280410506516,1039.9139905581562
CDS-ZSEH6Y,Female,929,0.022770146304473982,0.03049767320401827,0.7466191322908485
CDS-lEoO4A,Male,11,0.11002330282785944,0.06331936019085647,1.7375934073911752
CDS-dtWsjz,Male,1,0.0,0.4766192082752155,0.0
CDS-kU1WWq,Female,370,0.27221335357170295,0.01566433650222569,17.377905124358453
CDS-I5voud,Female,223,26.15832820975069,0.023688031953023877,1104.284571281637
CDS-0ewUnk,Male,1,0.0,0.4788769830381085,0.0
CDS-KlS9Xu,Male,241,0.15398392067507194,0.30386580108241906,0.506749756394291
CDS-PJVmmZ,Female,204,16.17540770584122,0.0343210833570989,471.29653622940003
CDS-krMVmo,Female,324,44.93658174708556,0.12105803562513909,371.1986694235931
CDS-gG7gPJ,Female,191,25.672316126761327,0.06411958532975424,400.3818177353101
CDS-NyspCT,Male,177,0.15333872890497893,0.6839503591463488,0.22419569908021372
CDS-QurJUx,Male,320,57.27910829663101,0.07278301263177431,786.9845754588224
CDS-dlVsrH,Female,391,0.14482501878999715,0.051557014509694465,2.8090264761697004
CDS-jDOqSo,Female,292,66.6981573762201,0.055717733897045874,1197.0723270882415
CDS-rpqo0J,Male,3,0.023862275654160353,0.32648929018242934,0.07308746832346952
CDS-nm4UY4,Male,323,109.72521086429167,0.06961600326992975,1576.1492431394272
CDS-wEebz6,Female,273,56.61109303674199,0.08237696074468484,687.2199766170017
CDS-OxwNRn,U,199,1.019397540085706,0.06134731105732835,16.616825130820988
CDS-hG6zDR,Female,298,227.89999802533362,0.09309629385348415,2448.002907441244
CDS-kP6954,Female,280,174.6197965074948,0.1045375408292909,1670.4027579206954
CDS-kmfiCf,Female,277,73.06477362752803,0.07499908563695883,974.208858774705
CDS-jgcDAj,Female,300,0.405813205226678,0.017789649072573906,22.811760005559385
CDS-9Eiozi,Female,288,95.794004935837,0.09964930413297134,961.3113284565454
CDS-KOUOYx,Female,911,0.005667955005934761,0.042037345813393655,0.13483141945010418
CDS-9RwNtB,Female,188,22.777493757374597,0.02712843628742753,839.616906630577
CDS-wQ4qzf,Male,520,330.8490762037627,0.2130650001594718,1552.8081850896842
CDS-3v5nda,Female,283,73.38312932165344,0.06571794913026033,1116.637544123598
CDS-UycD6z,Male,250,47.33114234250166,0.05088701673004303,930.122168363585
CDS-CaBCeE,Male,303,6.479982938636068,0.01675090152371881,386.84383222363243
CDS-SPWRjx,Male,344,0.30465279300677645,0.01626059704566898,18.735646185139363
CDS-WOzzTa,Female,276,52.756706926461305,0.09493549997917222,555.7110558014182
CDS-2AAbG2,Male,489,44.40799982795224,0.03324014777229872,1335.9748016812503
CDS-N7cVn2,Male,3,0.04647325189990215,0.4456385330047901,0.10428463532214935
CDS-8PcHcT,U,178,0.008916422946935603,0.03668836124229372,0.24303137684593287
CDS-FRVLOG,Female,294,61.68354551374995,0.07275212628697204,847.8590064905885
CDS-xnmMQE,Male,1,0.0,0.543047010579171,0.0
CDS-mkFxfC,Male,3,0.03475424358029204,0.3920383179981855,0.08865011909487097
CDS-dOE5PA,U,221,1.0886101871594578,0.07224848717452897,15.067584522977315
CDS-8t7gJf,Male,1,0.0,0.5370342478205519,0.0
CDS-PouJvc,Male,3,0.0030277064875281466,0.2811148611751697,0.010770353708342395
CDS-IKutdC,Female,334,62.62842429769387,0.08404949585769898,745.1374176440949
CDS-inJcyJ,Male,166,0.34109198975387356,0.44579255337893514,0.7651361315224496
CDS-LvlS3j,Female,215,12.461216614682776,0.05395540269287307,230.9540100296345
CDS-u0nfqJ,Male,354,0.27896602492623995,0.014875930317740366,18.752845635042913
CDS-K9VWSo,Female,333,12.405413657271,0.08404372841119279,147.60665538987286
CDS-bFlhGE,Female,571,57.858600644190275,0.05979621072913351,967.5964402874912
CDS-ruFKWq,Female,269,95.03912197780176,0.07272824350117478,1306.7704842378957
CDS-eKPJ34,Male,224,44.40589556591785,0.028505534125228056,1557.7991056346357
CDS-6lnbjM,Male,311,0.2849425578775799,0.3182808854111339,0.8952550119668989
CDS-I3V61m,Female,338,31.177892146278655,0.023893475149430382,1304.8705536256803
CDS-Wmm2y2,Male,318,107.91367734497999,0.11249254935464084,959.2962197414014
CDS-zClyZ7,Male,4,0.03678421853168047,0.41157527169993896,0.08937421915497924
CDS-C4sue5,Female,231,12.340450758456985,0.04024989666805685,306.59583700871013
CDS-QYj8zG,Male,624,38.414537120316346,0.03750930971970792,1024.1334060096767
CDS-fXfiKy,Female,292,122.71913463970996,0.06808129074917545,1802.5383080915847
CDS-KA0Ncu,Female,254,5.580484047671415,0.03683218076562825,151.51109523439123
CDS-87tNCc,Female,221,26.612065658037935,0.01898178963679788,1401.978747380494
CDS-Q3UV0B,Female,203,17.446132982998204,0.06871606764552592,253.8872432717578
CDS-6VInYi,Female,219,41.86065444693017,0.04881734142974111,857.4955788441871
CDS-5pxach,Female,180,12.926092216661567,0.017939218333181177,720.5493559746075
CDS-XZvd3X,Female,229,12.071325494270312,0.021746815883811006,555.084733266932
CDS-kCC91o,Male,3,0.06413164930078111,0.5395681211321436,0.11885737275622862
CDS-M1FWuz,U,234,99.18130543872643,0.020670434478814358,4798.220644098207
CDS-4Cpekc,Male,1,0.0,0.502266166147328,0.0
CDS-iDaiWQ,Male,358,0.2423274536568209,0.04249900086928801,5.701956486039165
CDS-fvlQM9,Male,152,3.4609820610050153,0.8210865950302388,4.215124302300362
CDS-2R59ED,Male,227,31.6463978292776,0.022677123983232288,1395.5207835295732
CDS-itiKBL,Male,403,6.894211894730873,0.020708449935333783,332.9178145278574
CDS-uYOFVp,Male,1,0.0,0.5953714721107435,0.0
CDS-AotFDg,Female,275,80.11297740466645,0.07786147216927713,1028.9168079238775
CDS-VcipvX,Male,4,0.04849796101289412,0.44592329852906687,0.10875852679792834
CDS-gILaI6,Female,340,15.664985725955972,0.08379228202235228,186.95022199988787
CDS-TGTiB8,Male,1,0.0,0.4222943938656175,0.0
CDS-puq7oN,Male,301,0.07618011219698241,0.0681641985233492,1.1175971235235371
CDS-BBq9JO,Female,353,0.2720760830219592,0.03777201305221924,7.203113126266743
CDS-XBgVc6,Male,1,0.0,0.5003966374253777,0.0
CDS-vp6X0E,Female,247,2.6490615181418313,0.015500961421917713,170.89659447807983
CDS-allTcx,Female,239,6.947067220199876,0.017271117904390777,402.2361064673033
CDS-hdCEqb,Male,269,1.2543929884750664,0.08116825650237941,15.454231032279157
CDS-XzrxVt,Female,389,0.6227848739282277,0.034928284305427576,17.83038836039971
CDS-dg5Xy6,Male,210,69.99947276078406,0.020463830481769262,3420.643697334422
CDS-2M3DCp,Male,2,0.006090536353995055,0.4230666375973538,0.01439616318739748
CDS-3BKXXM,Male,2,0.022664750221071166,0.5933738596424111,0.03819640830610532
CDS-unVAmn,U,204,0.9274135186868361,0.017742677169001565,52.27021321828089
CDS-cp4Ie9,Male,1,0.0,0.3762764751833144,0.0
CDS-NbGq6q,Female,555,5.893505320442043,0.05015172614599549,117.51350897246489
CDS-AtxiIO,Female,384,71.10223844103423,0.12080390002981485,588.5756869065149
CDS-53lmHz,Male,226,50.74680200835785,0.0783153932968927,647.9799164894357
CDS-MTYEh3,U,355,0.10082668326444165,0.017909001384783508,5.629944467484918
CDS-9131qh,U,1,0.0,0.4669085783261179,0.0
CDS-y9LJmW,Male,3,0.07629223650914461,0.58159786004258,0.1311769553339813
CDS-aIxGGt,Male,260,0.5528808865069745,0.1138029311746185,4.858230634311497
CDS-rFwDXh,Male,42,0.12666225358416297,0.5655198349862471,0.22397490900958986
CDS-pVpJ0V,Male,5,0.13496566557741815,0.634899764124948,0.21257791103991808
CDS-c8fAY5,Female,202,11.537977057250432,0.03243917889968079,355.6803053780122
CDS-uENFGc,Male,200,6.201865577031657,0.022225644069374804,279.04098336467746
CDS-QYvpfr,U,233,17.34981936668201,0.05836360330799077,297.2712167054734
CDS-PfyA4W,Male,949,0.00110542550493688,0.03799937346265384,0.029090624507883085
CDS-jQXnqh,Male,4,0.05517276000492945,0.47508799510534777,0.11613166523539546
CDS-ElXz8q,U,196,41.583350240746704,0.020319817698926622,2046.4430762557142
CDS-xLFzLn,Male,320,146.64501592296037,0.04436263426345094,3305.5975678111804
CDS-GrDdnW,Male,260,80.21169755082691,0.07416658105908701,1081.5072827332283
CDS-aN8PNg,Male,1,0.0,0.6705291699514961,0.0
CDS-qFiTm3,Male,299,103.51140718532999,0.023751077820780325,4358.177256897607
CDS-yT3yr5,Male,1,0.0,0.35413221619822205,0.0
CDS-iaJvgN,Male,1,0.0,0.5538779458697902,0.0
CDS-zLNnu1,Female,232,5.764806132883653,0.04421099749785647,130.39303474578136
CDS-C60z63,Female,207,69.74875468724618,0.06555366988776908,1063.9946597445921
CDS-WXSgfq,Female,232,66.11611030387449,0.024467538054483616,2702.197097094486
CDS-S70cTT,U,6,0.021226578059762902,0.10785355003611986,0.1968092663862634
CDS-dgxjAa,Male,1,0.0,0.5531704515937493,0.0
CDS-JXPlqt,Male,372,0.11393360579617391,0.03884747882194432,2.9328442733280964
CDS-0Z9yIY,Male,349,0.7308412822301105,0.04227701353542233,17.286965684502903
CDS-Uncl2e,Female,447,0.6488383086263886,0.034705940330339295,18.69530986484138
CDS-nsBznO,Female,193,65.37224213409621,0.09326527930275254,700.9279618612248
CDS-QmEC23,Male,868,0.0035506498054523883,0.016263741637247114,0.21831690914965798
CDS-YrdjNe,Male,1,0.0,0.619542861446347,0.0
CDS-vJQlAe,Female,253,767.46338597756,0.12137940872169464,6322.846634862443
CDS-IFlU2c,Male,256,16.025513098443195,0.05528682796335966,289.8613230092313
CDS-3uTvmK,Male,272,35.101007418769306,0.06370010510731135,551.0353139863265
CDS-Z5r6HS,Male,949,0.011008193591545024,0.22068528634455567,0.04988186468561363
CDS-AQpAIt,Male,1,0.0,0.5271955142326971,0.0
CDS-17moNf,Male,3,0.11025822073772179,0.7114833925621918,0.15496949316084557
CDS-2uvoSr,Female,247,17.74868685609643,0.03649441081640734,486.33986572313387
CDS-XLdK0S,Female,345,89.68185278897087,0.08022699953613743,1117.8512633839011
CDS-wPv4Mg,Female,315,401.0035430238031,0.08257132336306901,4856.450480520658
CDS-2lH5fJ,Female,401,44.02063682762303,0.06365317510681483,691.5701652549631
CDS-s09X3U,U,212,8.44888632663825,0.026889269014508697,314.210338781596
CDS-EpJ8sU,Female,252,64.43240619203799,0.026098698293778644,2468.797695071147
CDS-4r801f,Male,3,0.03045889127376164,0.37292562496916365,0.08167551177605512
CDS-HYp2BU,Male,287,0.4021619099703667,0.016708991650143883,24.068592431602756
CDS-17DYXO,Male,1,0.0,0.3638780671311463,0.0
CDS-EgHm0W,Female,230,27.448060366758178,0.03218101753381544,852.9270504860846
CDS-HmSYmc,Male,351,19.06225323685211,0.022881957612696773,833.0691612799257
CDS-Y60ys2,U,1,0.0,0.5519670300471203,0.0
CDS-cerzh5,Male,280,90.43011374620136,0.10268162869829227,880.6844504961123
CDS-0q5dcO,Female,212,50.17309441667378,0.07484538529748068,670.3565519404524
CDS-8g0aUm,Male,344,0.9630926577277562,0.013548105343501085,71.08688877959928
CDS-5YhUsk,Female,209,1.218904978961218,0.01798411726054434,67.77674774371019
CDS-VjuI29,Male,231,50.22644592341057,0.049135555276914274,1022.2016550000981
CDS-Bh1bER,Female,324,262.1941347762555,0.043113575762797784,6081.475037440524
CDS-Q5afV3,Female,275,83.29772121333994,0.04672948309485762,1782.551736004683
CDS-qKHcCi,Male,184,74.91404209355198,0.11445368990032077,654.5358402930968
CDS-p9Aqyv,Female,233,57.96285694109727,0.03197949791417926,1812.5005307039967
CDS-4lgpXF,Male,206,0.004497088769113892,0.17211647735800534,0.026128171097528723
CDS-7UJrWv,Female,443,10.299877219087278,0.03144855912873403,327.51507555322144
CDS-T1s2fl,Male,320,0.5658339373201253,0.03970337937783806,14.251530881927065
CDS-Uvx1TL,Male,301,121.96076669415929,0.09642134236958613,1264.873146306963
CDS-hjwZ0x,Male,1,0.0,0.5262400662412561,0.0
CDS-kHeU8F,Male,10,0.09290090013448633,0.5373949096428907,0.1728726835098248
CDS-at5gh5,Female,285,17.15748511032555,0.02023747508614633,847.8075964165507
CDS-RofmSF,Male,91,0.07881692016733882,0.5861759859490121,0.13445948325524654
CDS-0yFGAM,Female,222,10.29581950176962,0.03431219647422085,300.06296768278844
CDS-PcSk1k,U,208,0.9115564889925862,0.032741720111112205,27.840824669538765
CDS-JjYzID,Female,199,91.1290187992298,0.024113552676701865,3779.161868888661
CDS-0sdrSB,U,346,0.07249960705379462,0.02345008193587554,3.091656875743353
CDS-a4H1lz,Female,209,22.954019039398688,0.052580867522023116,436.5469822228506
CDS-3DB1g0,Male,1,0.0,0.5314865176016942,0.0
CDS-oj4QCQ,Female,279,80.51360936868389,0.1243920161865553,647.2570494229683
CDS-Apkcpk,Female,267,26.364257982414276,0.06404352504068166,411.66156868578366
CDS-MF5F4F,Male,1,0.0,0.555865211578334,0.0
CDS-TJsBgG,Male,267,172.02996516215134,0.050225229703269994,3425.17030143022
CDS-uhGMmZ,Male,1,0.0,0.4899586828041242,0.0
CDS-OQITe6,Female,222,1.1667305162202113,0.0336798187277687,34.64182885456722
CDS-cb6bto,Female,213,0.8883657117767736,0.025295761166213706,35.11915320276346
CDS-izNnAT,Female,362,0.15740407070323506,0.012506992330839479,12.585285617798887
CDS-32fwy5,Female,357,0.8238756951148667,0.03915821590781605,21.039663733771377
CDS-2s2SzB,Male,1,0.0,0.4866437730526587,0.0
CDS-MA6vzk,Male,232,114.29375201201968,0.05974918470990988,1912.8922439181526
CDS-bbzoqx,Male,5,0.06250579792484248,0.5075847971335902,0.12314355803763703
CDS-puq9Jo,Female,215,47.01308116795651,0.0604940072263501,777.1527019535656
CDS-YyKcn0,Female,299,0.36811480726503154,0.0334412338055715,11.007811775285083
CDS-VnMBYD,Male,275,93.21934891153397,0.0619396511078095,1505.002809093651
CDS-SfQfi0,Male,1,0.0,0.6743796932592943,0.0
CDS-1UJEpC,Female,369,0.28848881746572896,0.043017452675293694,6.706320331036649
CDS-al7ftX,Female,200,9.922102832632401,0.06132622302177781,161.79217215299437
CDS-YSRYLi,Female,358,123.84662959284518,0.16154780302172145,766.6252791824904
CDS-LdQ0bu,Male,347,0.3758031044819605,0.013577005944021565,27.67937983023716
CDS-qzOVCU,Male,3,0.035027053722656076,0.5300814123376035,0.06607863039035916
CDS-sQK6qD,Male,300,1005.1222478180897,0.11706844835912056,8585.765523557337
CDS-2MP2sK,Male,1,0.0,0.5405110435272821,0.0
CDS-0b4jFH,Male,200,25.80884132132069,0.023580221816506257,1094.512236659894
CDS-rVBQwm,Male,420,55.08464034579448,0.03369483984744157,1634.8093831339881
CDS-2ImP2e,Male,368,16.434299395294712,0.048636852928821146,337.8980835652732
CDS-lQokdY,Female,493,24.644080130347316,0.07071946475998016,348.476621167717
CDS-vOVtqd,Male,1,0.0,0.5286651018363848,0.0
CDS-qycAK1,Male,113,0.014304573890880776,0.1105471390723688,0.12939795648186248
CDS-N3t2JB,Female,574,611.2604702040625,0.39469604084322735,1548.6866017155064
CDS-bL21N6,Male,261,58.417846900255675,0.07554962643570282,773.238064254
CDS-th1XfK,Female,330,71.53211442801081,0.1412699106095267,506.3506738227309
CDS-52aoJ0,Male,347,0.12036797891454648,0.04722608487880781,2.548760483182892
CDS-AHsEp4,Male,9,0.1444907171750358,0.4964318066832067,0.2910585406290077
CDS-8Emdjt,Female,396,1.2105999858131384,0.04845526096421225,24.98387093007826
CDS-NCGpgY,Male,3,0.04420481030115453,0.44436908187239416,0.09947769119060462
CDS-iEC5hW,Male,5,0.02244182848948356,0.3025321807392567,0.07417997131625971
CDS-yfdxEP,Female,399,0.390781565816677,0.02231918670352095,17.508772654114207
CDS-Cg5KGM,Female,190,168.75455065834305,0.07686597926947308,2195.438765786505
CDS-vNNLAr,Female,686,14.283926522850434,0.08601269731994708,166.06765010190966
CDS-fF8Nwd,Female,224,0.9255123433053195,0.05423685422516136,17.064270347669964
CDS-WgAbdT,Female,196,10.323713216362835,0.05798456759496113,178.04242826258425
CDS-ZRSoyP,Female,285,0.46060369576543875,0.017453755560290975,26.38994766337612
CDS-5P6nT1,U,1,0.0,0.5406388155406933,0.0
CDS-Tw82Cg,Female,274,441.9286700609603,0.04415306824207264,10009.013816164528
CDS-C51but,Female,368,80.23858280613142,0.10505832809283949,763.752710163301
CDS-bQWu4R,Male,784,0.1339637462729536,0.17493414672699364,0.7657952937114135
CDS-BkvCmE,U,3,0.02621193300578968,0.25401896950982306,0.1031888801705262
CDS-8XUdse,Male,1,0.0,0.5127892773517907,0.0
CDS-iXzCuK,Female,266,38.67274050679627,0.05739223076889947,673.8323286738806
CDS-KoNTMz,Male,1,0.0,0.4810987646395266,0.0
CDS-1RwlQp,Female,331,13.140936235367763,0.05976691372000273,219.86974761538954
CDS-LYjeNY,Male,3,0.9814226020749078,0.5946610325812789,1.6503899672302236
CDS-ch2aVd,Female,497,35.669622884926575,0.06232473050359013,572.3189269606529
CDS-P44nQ6,Male,314,43.51672169665518,0.08013165849094295,543.0652817646817
CDS-jCk9p9,Female,285,126.73937945547378,0.04500145258505507,2816.339744054479
CDS-nrsrS3,Female,269,173.89898472399452,0.08779346661444422,1980.7736433018786
CDS-qyMeyg,Male,1,0.0,0.5219574108820841,0.0
CDS-T1IsxS,Male,1,0.0,0.5195397359191711,0.0
CDS-QPDmWz,U,1,0.0,0.6417552063172565,0.0
CDS-vHArJs,U,309,91.26435253555596,0.13294989016929634,686.456772693391
CDS-w5MfyB,Female,234,85.30105120732262,0.03257462313243177,2618.635090896743
CDS-T6ovqD,Male,324,1.051867065747892,0.04034698496638854,26.070524640791877
CDS-X7YJtK,Male,7,0.04431778348860175,0.47247297702289676,0.09379961530890694
CDS-8ZQQ9E,Female,334,0.5441553696083173,0.04068672885232161,13.37427178241358
CDS-7aebuK,Male,259,71.45505349306873,0.022279242545712175,3207.2478831566405
CDS-bw6agH,Female,308,68.49593586478467,0.06903040222421396,992.2575221611296
CDS-lyWKTY,Male,283,1.8449655141778507,0.7640342939626689,2.4147679348382716
CDS-hPRaPF,Female,254,66.31210864201313,0.06530475000612732,1015.4255032871467
CDS-5vtea4,Male,1,0.0,0.34838997119130394,0.0
CDS-694ipX,Female,201,16.382478751119518,0.018919307152840705,865.9132503517558
CDS-uQv8yw,Male,455,0.19558513453430282,0.019098467688443622,10.240880981915126
CDS-LJGHlm,Male,5,0.014676126081554913,0.25897518744900727,0.05667000852907838
CDS-BEbnKg,Male,221,16.2551224491058,0.04494736337625326,361.64796393137846
CDS-cAS8hS,Female,291,0.4069049354863472,0.027225899417641492,14.945509393261261
CDS-yMaQwE,Female,267,247.35457973884792,0.2141971188532849,1154.7988183177868
CDS-yvi0TY,Male,250,97.94573780381769,0.06813090108216681,1437.6110729211373
CDS-7xANVW,U,2,0.05593839877101708,0.5788563751320704,0.09663605891574453
CDS-o6r3vt,Female,347,0.2615302328504299,0.01264610445989792,20.680695282865077
CDS-mjFlmH,Female,215,15.22318969421659,0.015259455080847906,997.6234153553207
CDS-exVsHa,Male,239,19.895691375056696,0.01980044019489625,1004.8105587160127
CDS-tVWGwJ,Female,255,43.921784934679515,0.048654970754056774,902.7193779788139
CDS-xe8NpT,Female,252,81.43937906063876,0.06414026379776899,1269.707578961836
CDS-GEpdFd,Male,5,0.21697155465787915,0.142245556943964,1.5253309791837828
CDS-Qa1N4n,Female,294,0.40586849081810883,0.019641073284753292,20.664272513721077
CDS-qBz4o9,Male,1,0.0,0.7037919901524395,0.0
CDS-AYZUnE,Male,1,0.0,0.49854547096677615,0.0
CDS-YLQJ19,Female,233,7.876553564969426,0.020015523707331343,393.52223205053485
CDS-5NAFSx,Female,238,29.65004246955338,0.09744733684219112,304.26734511554145
CDS-lAxGw8,Male,3,0.053656147360459684,0.4928480469904398,0.10886955459823602
CDS-xdd3jw,Male,1,0.0,0.5098108560720761,0.0
CDS-cteUkO,Female,892,0.0007892766664424795,0.017856649390392776,0.044200714769430695
CDS-1tmwd7,Female,250,137.95125785537144,0.04235412187341453,3257.091677350127
CDS-6nSZ7J,Male,328,0.40219014248710905,0.010901296260329275,36.89379069081101
CDS-adGAq3,Male,1,0.0,0.4843779174870045,0.0
CDS-lZD981,Female,206,32.776835332873844,0.027948003067251103,1172.7791518414806
CDS-6qT304,Female,308,35.86961377125948,0.036566629510782295,980.93847453681
CDS-cE74An,Female,221,6.3876121210177566,0.020929708554630888,305.19355318994343
CDS-fZBn2c,Female,284,112.39890748145736,0.10597257335858153,1060.641484104863
CDS-qtUoXo,Male,1,0.0,0.613374034291652,0.0
CDS-OwaaRe,Male,2,0.0011999486531477652,0.4422717350051242,0.002713147954467094
CDS-lCDBlS,Male,1,0.0,0.47431190995319467,0.0
CDS-msL9Yd,Female,475,0.575603059531553,0.01483578705346513,38.79828265647099
CDS-0JJKl3,U,3,0.06563355365884452,0.5455552748149688,0.12030596474592767
CDS-1Zvqir,Female,219,4.944708906518446,0.01828868937256842,270.36977914530695
CDS-CuOgxG,Female,321,110.68463713010917,0.10689563208231882,1035.4458360363358
CDS-FHkJAp,Male,152,0.1884114659390025,0.3348554124827978,0.5626651352057257
CDS-knM0TU,Female,332,25.102509505786575,0.056927680873994586,440.95436737268835
CDS-WzvQEZ,Male,1,0.0,0.460860811202448,0.0
CDS-deAUlH,Male,186,0.16342913282175417,0.2950374158437519,0.5539268040101876
CDS-mnXp3k,Female,388,0.28290463066693894,0.017249321116198223,16.40091391198424
CDS-964VoM,Female,335,0.9934786336920763,0.09246015698209425,10.74493777773352
CDS-ftPfe8,Male,1,0.0,0.27049071924836265,0.0
CDS-dKGppg,Male,3,0.0572863232557555,0.5054193751649263,0.11334413770161081
CDS-BtoWui,Female,241,0.6116907524565782,0.024764929857103372,24.69987825469757
CDS-bTfRlF,Male,9,0.05766353893799678,0.5100052710556044,0.113064594055362
CDS-VVWDLi,Male,1,0.0,0.4878586116577113,0.0
CDS-zP6uQL,Female,208,34.56473821577883,0.08293670379868594,416.76045264203617
CDS-nKfczI,Male,12,0.021833714699270024,0.10233059433520358,0.213364486360252
CDS-Z2h33x,Female,408,66.33669630600362,0.037905813838618886,1750.0401544846668
CDS-R0w62a,Male,1,0.0,0.4883356472600043,0.0
CDS-ASprHn,Male,4,0.011657362347370349,0.1568205486111689,0.07433568145635285
CDS-K5pHS4,Male,361,77.6195022590091,0.0507272262684716,1530.1349584582315
CDS-LDM41S,Male,9,0.036068684601587755,0.07467174073542042,0.4830299152846538
CDS-qsDSyO,Female,340,50.491774435801936,0.09443756562729393,534.6577296906627
CDS-2rrAkt,Male,1,0.0,0.5703921373498319,0.0
CDS-ORlnNS,Female,201,13.762078750556032,0.03382139618710962,406.90451317918047
CDS-1pLoxn,Female,306,86.3146644807868,0.09024566988058272,956.4410635435738
CDS-rWdvad,U,265,9.594874552476854,0.024675648817226302,388.83980816660767
CDS-tjoklM,Female,215,33.272692318124015,0.030229009866619957,1100.6874675992947
CDS-00Nrci,Male,6,0.028552932266422627,0.36327481397352085,0.07859871141109126
CDS-fzqrxa,Female,331,23.389376732718564,0.09548896108368167,244.94325278312854
CDS-i5zsM1,Male,212,31.389208493576994,0.10091075233323388,311.0591068622852
CDS-fae60F,Male,400,0.03200897129621028,0.01715542304491234,1.8658223240786214
CDS-Bm9D8M,Female,349,2.1896002336007965,0.04276609442337144,51.19944346389021
CDS-KCB1BR,Female,332,18.465011734965334,0.05386142069751417,342.8244464375507
CDS-YCehGZ,Male,1,0.0,0.4796104505347898,0.0
CDS-cXQOkP,Male,218,21.77572277146847,0.04416962876934876,493.0021686435272
CDS-L7IrrK,Male,335,0.5586190270533165,0.03964084539599249,14.092005896266539
CDS-mMTpJn,Female,313,27.220406191915778,0.06025014932980962,451.7898543771425
CDS-v2eqdZ,Female,234,2.3840939639519227,0.026404838929152134,90.29004003201003
CDS-7z20ke,Female,322,0.9792997833456663,0.016880773617811495,58.01273125968426
CDS-ODzhDx,Female,276,332.2855396212334,0.08890289509300635,3737.6233841835037
CDS-LSMoRA,Male,247,8.443925456446216,0.28734556941256867,29.385960165345335
CDS-ROnrpg,Female,219,11.900297321006438,0.027418849324768468,434.0188452130431
CDS-v1zz0v,Male,207,9.643594447609999,0.020205826935234754,477.26799197678855
CDS-tKVGjb,Female,323,29.17735734461824,0.10722885893464922,272.1035888519566
CDS-7idugy,Male,351,0.40113174188770373,0.03412333630945834,11.755349425680796
CDS-w8WFIW,Female,399,0.497074974037983,0.1608413913228631,3.09046676324868
CDS-51LzzR,Male,210,23.540485280288323,0.019722215214898385,1193.6024946379032
CDS-f7K7WH,Female,277,200.20898581999165,0.09616511871621981,2081.9293782686627
CDS-CyZGey,Male,212,42.75920540420517,1.3141171165452386,32.538352073685346
CDS-WJRyGb,Female,249,52.05168597069746,0.034201023942563274,1521.9335555015061
CDS-ZEQ9PP,Female,376,3.900219059154493,0.01679119655975125,232.27761316923517
CDS-ztD4Zl,Female,220,9.71594134162428,0.09068200284738852,107.14299460252914
CDS-FbQkW1,Female,264,14.118555359615565,0.042186051262718106,334.67354580524176
CDS-Hna4Ku,Female,313,79.49571658894602,0.1552197274168019,512.1495695935679
CDS-4dDCeG,Male,1,0.0,0.37079713448697066,0.0
CDS-PmPgU5,Female,245,99.16443559792896,0.024416099481966897,4061.436417031691
CDS-qlE5fU,Male,6,0.04206189948416045,0.35556892983247124,0.11829464262802208
CDS-reZcoI,Male,267,0.9261036160135092,0.030112877731873725,30.75440428708186
CDS-6gQTeC,U,228,11.529094911683693,0.02398907974287941,480.5976317247364
CDS-flEsqI,Male,282,35.19098685156037,0.02048572931234269,1717.8293393907989
CDS-jBuyoZ,Female,261,20.692031475900297,0.021428363909246257,965.6374870025314
CDS-nSgiDC,Male,1,0.0,0.3726205122580813,0.0
CDS-4ONXNE,Male,291,0.39503784043986084,0.013312736797159929,29.673676153812053
CDS-qxi9TK,Female,272,101.93460722818509,0.07207364056609881,1414.3118958268903
CDS-BnfCrR,Male,674,172.2507466240021,0.10286134837647978,1674.5915676076131
CDS-bGIFiY,Female,328,0.05706462899488128,0.014769795485276264,3.863603192865328
CDS-PfQJHU,Male,518,10.410543096085568,0.205788995061706,50.58843449312709
CDS-q3z7Os,Male,243,41.30372460282087,0.07272869161103172,567.9151334623458
CDS-z4iqqK,Female,295,46.917705327742766,0.08543532623554366,549.160486592999
CDS-TqQ8QN,Male,337,450.67445688641266,0.18001126949954047,2503.59023709659
CDS-LmXLXl,Female,221,16.25567928929802,0.017850048543174634,910.6798365270408
CDS-YXaY73,U,1,0.0,0.4640621700011049,0.0
CDS-lhsmJl,U,3,0.05899847149862847,0.5154108798893737,0.11446881274856233
CDS-AtSwiZ,Male,1,0.0,0.5529454248236775,0.0
CDS-2YtzZh,Male,221,10.400138291503213,0.01561904663174818,665.8625546557553
CDS-HnT5CE,Female,365,44.93400521444265,0.08362250344644075,537.3434585490778
CDS-A5Gt5a,Female,213,26.01946142179885,0.03075255837991149,846.0909528358317
CDS-F6LKlj,U,1,0.0,0.5141068001425343,0.0
CDS-p9GlC3,Female,250,137.77548089916903,0.043746422043547645,3149.411413852762
CDS-WfgYVE,Male,275,11.571281862411245,0.055275338526111065,209.33895966906078
CDS-h6Vqmg,U,247,36.90010514402064,0.019854947943159115,1858.4841042977562
CDS-cvoUQO,Male,218,9.991709279241134,0.018259697424623505,547.2001559985955
CDS-fM91O4,Female,303,0.2203159905615957,0.015834424993268512,13.913734831246215
CDS-9tn3ts,Female,267,1226.2317083128899,0.12092941519199106,10140.061509154648
CDS-wmOGjh,Male,465,1.933810647892296,0.01330649318767367,145.32834614033854
CDS-5r1fua,Male,3,0.05730096663728787,0.7305943640544065,0.0784306168463965
CDS-osyj6m,Male,327,1932.5809882545907,0.14278204704294256,13535.181966352922
CDS-b0aiv6,Male,324,0.7598939037201135,0.01711714054019959,44.39374099520322
CDS-AyVVfE,Female,276,62.07786851198692,0.10305435633943062,602.379857747311
CDS-mvCUaO,Male,188,0.12799562315447224,0.8157812598316673,0.1568994403976423
CDS-DNoH0g,Male,447,1.4994053381591221,0.014301428911439044,104.84304382758691
CDS-QDUzjw,Male,201,25.035251329609338,0.01801463452546176,1389.7174152617245
CDS-nZGCPF,Female,203,13.706311982236965,0.026986835785766987,507.88881256933996
CDS-rXwd7B,Male,1,0.0,0.3973537871973189,0.0
CDS-jNBOit,Male,1,0.0,0.32895815881764634,0.0
CDS-Jix4jB,Female,205,19.260384287071687,0.031360732202528885,614.1560778201014
CDS-NlPXnG,Male,1,0.0,0.4825579132081945,0.0
CDS-OKytFI,Male,390,0.3557790987506826,0.023199013503703698,15.335958086919637
CDS-m0Uy2R,U,233,4.061328966219115,0.03054392381068407,132.96683790176584
CDS-85xT00,Female,186,25.05381957972778,0.062311399746986455,402.0744146569978
CDS-sEJE1d,Male,178,27.71259746226787,0.02657283985755487,1042.8918252931464
CDS-tcjY71,Female,209,10.58867835948494,0.02493276832492947,424.689237131268
CDS-HoA5rp,Male,2,0.026750926750703737,0.6390926198711667,0.04185766807336376
CDS-1msa9a,U,19,0.018581061728191843,0.5297995407536997,0.035071872092901746
CDS-L2WS8G,Female,313,28.04422889653173,0.06379426293964602,439.6042465928887
CDS-x8pk8g,Male,1,0.0,0.6099821793417892,0.0
CDS-8vppx0,Male,53,0.08672547343786452,0.3074821005728691,0.28205047798322735
CDS-OKXyV1,Male,272,189.14656845533844,0.07806307746124631,2422.996563890765
CDS-uDR4r5,Female,353,1.187905360089723,0.018516167991261146,64.15503254509056
CDS-pX3bvG,Female,248,41.044892524438154,0.030726275714634037,1335.823869629916
CDS-NtTy7F,Male,1,0.0,0.4581868630580897,0.0
CDS-S3ub8o,Male,5,0.017916401010647655,0.28703450734062397,0.06241897943436555
CDS-dWNxeq,Female,223,17.797804276648264,0.0609371889435255,292.0680225853979
CDS-kRRujK,Female,386,59.986914761990846,0.1417730554683273,423.1192913479401
CDS-uLf8M0,Male,1,0.0,0.429573231234774,0.0
CDS-nx7Ew9,Male,275,1.247704609875092,0.03707796371550439,33.65083960512524
CDS-q5PygD,U,958,0.006212708566338624,0.051964423693636075,0.11955696079622789
CDS-Rv7COB,Male,342,0.23756915873753076,0.03706883060297193,6.40886574712945
CDS-9sFKTe,Female,295,53.47935882385623,0.09152471566289706,584.3160335054291
CDS-cxSrLr,U,410,124.74080682140043,0.12953717488730324,962.9730378937503
CDS-y0y2ZX,Female,293,107.89450455005465,0.08441403289255144,1278.1583920696091
CDS-SboeUb,Female,243,86.28754171499196,0.0819666859459615,1052.7147794151283
CDS-jjaUWl,Female,224,144.49186227247347,0.07612852046783837,1897.9990860786033
CDS-GIGm8J,Female,237,3.059563961156723,0.10222284600604908,29.930334369439016
CDS-JO3DcF,Male,1,0.0,0.4542977294402597,0.0
CDS-O3WkgT,U,14,0.053395268687719766,0.5715509864468867,0.09342170681859491
CDS-YEfSvW,Female,246,7.39648331058131,0.03697524298280187,200.03880201738235
CDS-pykMyH,Female,338,0.9770572748581257,0.02230292507266331,43.80848124965028
CDS-I3Tkbo,Male,291,91.47480601543089,0.07250472173063151,1261.639295096901
CDS-x83AJq,Male,1,0.0,0.3199164317313801,0.0
CDS-YPwSvi,Female,279,47.039347308863476,0.05980700348302876,786.5190457537583
CDS-B8UOTE,Female,259,540.6118024948568,0.14324307104668887,3774.0869317067973
CDS-oc72ul,Male,218,40.790205455963026,0.05762799871996951,707.8192261052478
CDS-uGV4uK,Male,3,0.04248238663842208,0.4992713983344514,0.0850887649085078
CDS-3AMKPR,Male,286,0.24072388438987977,0.014709633270709099,16.365050029440695
CDS-M9N8wj,Male,211,24.224197186782618,1.1634009161648593,20.821882508600275
CDS-5BCppI,Male,331,0.00927647068061373,0.012263065831919391,0.7564560777671203
CDS-VXZrWq,Female,428,0.12023398366651854,0.015167584670205873,7.92703560130425
CDS-Sbqz0h,U,217,20.137041748691733,0.022707103034459834,886.8168571804238
CDS-AaOEz1,Female,259,72.09599034270508,0.08643421286770889,834.1140383039174
CDS-aGz6Aw,Male,220,468.43655479709827,0.04157671172137978,11266.801423264471
CDS-97itUV,Male,24,0.04090347441793039,0.3937214243183893,0.10388937937208395
CDS-khxfam,Female,332,233.3881611147716,0.08079154780274564,2888.7695243145236
CDS-O5MoVK,Female,223,30.720236120736097,0.02875195349455696,1068.4573528734927
CDS-DxmF0T,Male,319,3.735520029140647,0.01668219470926676,223.9225769895618
CDS-7lbdDE,Female,412,7.661750998180355,0.05436008349912541,140.94443026938367
CDS-0fxylD,Male,199,16.29363407583495,0.019751535134398458,824.9300099949513
CDS-O6LCm5,Male,263,21.685873661790552,0.01988310648031341,1090.6682858265679
CDS-QeieSj,Male,1,0.0,0.5017866522378284,0.0
CDS-hkvi6Z,Male,6,0.17667847131688727,0.4766416146749244,0.3706736169845015
CDS-njO2PJ,Female,264,3.373927632939406,0.05306334124160887,63.58302274214478
CDS-jwuQfl,Male,240,390.2534295253777,0.05416746303157181,7204.572776426991
CDS-ffvY5U,Male,3,0.010521050640323597,0.2386920665514306,0.044077923461509946
CDS-Qc16hn,Female,282,63.907032434086744,0.033271275949742815,1920.7869433868448
CDS-QuXcwn,U,3,0.05388478061651938,0.48938035711032957,0.11010818034196496
CDS-reBZQ5,Male,3,0.0971252493486891,0.6601431901186823,0.1471275486932277
CDS-cfU8Ab,Female,278,320.5407021888574,0.1376760602539728,2328.2239599066957
CDS-qbHB8J,Female,221,1.4061519303807473,0.018835584070817517,74.65401259095208
CDS-D4t0yb,Female,271,69.33712637130846,0.049483503825340905,1401.2169917482754
CDS-uEfjlL,Male,289,128.54836795092854,0.03480367211541819,3693.5288760515878
CDS-STNxr3,Male,208,2.9068676307165595,0.01721898557703633,168.81758903342313
