sample_id,read_counts_tumor,participant,scaled_delta_MAD_normal,copy_ratio_parameters_begin_normal,CCLE_name,readgroup_ubams,denoised_copy_ratios_tumor,normal_het_allelic_counts_tumor,scaled_delta_MAD_tumor,denoised_MAD_normal,denoised_copy_ratios_plot_tumor,denoised_MAD_tumor,allele_fraction_parameters_begin_normal,modeled_segments_begin_tumor,het_allelic_counts_tumor,modeled_segments_begin_normal,standardized_MAD_normal,copy_ratio_only_segments_tumor,read_counts_entity_id_tumor,called_copy_ratio_segments_tumor,allele_fraction_legacy_segments_tumor,modeled_segments_tumor,allele_fraction_legacy_segments_normal,copy_ratio_parameters_tumor,allele_fraction_parameters_begin_tumor,oncotated_called_file_tumor,copy_ratio_only_segments_normal,WES_bam,modeled_segments_normal,allele_fraction_parameters_normal,unmapped_bams_list,modeled_segments_plot_tumor,WES_bai,standardized_copy_ratios_tumor,allelic_counts_entity_id_tumor,denoised_copy_ratios_normal,copy_ratio_parameters_begin_tumor,Source,hg38_bqsr_report,denoised_copy_ratios_lim_4_plot_tumor,delta_MAD_normal,modeled_segments_plot_normal,ubam_validation_reports,oncotated_called_gene_list_file_tumor,read_counts_entity_id_normal,hg38_duplication_metrics,copy_ratio_legacy_segments_normal,hg38_analysis_ready_bam_md5,allele_fraction_parameters_tumor,copy_ratio_parameters_normal,hg38_analysis_ready_bam_index,allelic_counts_entity_id_normal,denoised_copy_ratios_lim_4_plot_normal,denoised_copy_ratios_plot_normal,allelic_counts_normal,target_type,hg38_analysis_ready_bam,copy_ratio_legacy_segments_tumor,standardized_MAD_tumor,standardized_copy_ratios_normal,het_allelic_counts_normal,called_copy_ratio_segments_normal,allelic_counts_tumor,delta_MAD_tumor,preprocessed_intervals,normal_het_allelic_counts_normal,read_counts_normal
ACH-001172_1,NA,ACH-001172,NA,NA,R256,nan,NA,NA,NA,NA,NA,NA,NA,NA,NA,NA,NA,NA,NA,NA,NA,NA,NA,NA,NA,NA,NA,gs://ccle_bams/wes/DepMap_CellLine_WES_Batch3_June2019/RP-1561/Exome/R256/v1/R256.bam,NA,NA,NA,NA,gs://ccle_bams/wes/DepMap_CellLine_WES_Batch3_June2019/RP-1561/Exome/R256/v1/R256.bai,NA,NA,NA,NA,ccle,NA,NA,NA,NA,nan,NA,NA,NA,NA,NA,NA,NA,NA,NA,NA,NA,NA,NA,NA,NA,NA,NA,NA,NA,NA,NA,NA,NA,NA
ACH-001961_1,NA,ACH-001961,NA,NA,GB2,nan,NA,NA,NA,NA,NA,NA,NA,NA,NA,NA,NA,NA,NA,NA,NA,NA,NA,NA,NA,NA,NA,gs://ccle_bams/wes/DepMap_CellLine_WES_July2019/RP-1561/Exome/GB2/v1/GB2.bam,NA,NA,NA,NA,gs://ccle_bams/wes/DepMap_CellLine_WES_July2019/RP-1561/Exome/GB2/v1/GB2.bai,NA,NA,NA,NA,ccle,NA,NA,NA,NA,nan,NA,NA,NA,NA,NA,NA,NA,NA,NA,NA,NA,NA,NA,NA,NA,NA,NA,NA,NA,NA,NA,NA,NA,NA
ACH-001993_1,NA,ACH-001993,NA,NA,NALM16,nan,NA,NA,NA,NA,NA,NA,NA,NA,NA,NA,NA,NA,NA,NA,NA,NA,NA,NA,NA,NA,NA,gs://ccle_bams/wes/DepMap_CellLine_WES_July2019/RP-1561/Exome/NALM16/v1/NALM16.bam,NA,NA,NA,NA,gs://ccle_bams/wes/DepMap_CellLine_WES_July2019/RP-1561/Exome/NALM16/v1/NALM16.bai,NA,NA,NA,NA,ccle,NA,NA,NA,NA,nan,NA,NA,NA,NA,NA,NA,NA,NA,NA,NA,NA,NA,NA,NA,NA,NA,NA,NA,NA,NA,NA,NA,NA,NA
ACH-002044_1,NA,ACH-002044,NA,NA,HSQ89_1,nan,NA,NA,NA,NA,NA,NA,NA,NA,NA,NA,NA,NA,NA,NA,NA,NA,NA,NA,NA,NA,NA,gs://ccle_bams/wes/DepMap_CellLine_WES_July2019/RP-1561/Exome/HSQ89_1/v1/HSQ89_1.bam,NA,NA,NA,NA,gs://ccle_bams/wes/DepMap_CellLine_WES_July2019/RP-1561/Exome/HSQ89_1/v1/HSQ89_1.bai,NA,NA,NA,NA,ccle,NA,NA,NA,NA,nan,NA,NA,NA,NA,NA,NA,NA,NA,NA,NA,NA,NA,NA,NA,NA,NA,NA,NA,NA,NA,NA,NA,NA,NA
ACH-002066_1,NA,ACH-002066,NA,NA,HSSCH2_1,nan,NA,NA,NA,NA,NA,NA,NA,NA,NA,NA,NA,NA,NA,NA,NA,NA,NA,NA,NA,NA,NA,gs://ccle_bams/wes/DepMap_CellLine_WES_July2019/RP-1561/Exome/HSSCH2_1/v1/HSSCH2_1.bam,NA,NA,NA,NA,gs://ccle_bams/wes/DepMap_CellLine_WES_July2019/RP-1561/Exome/HSSCH2_1/v1/HSSCH2_1.bai,NA,NA,NA,NA,ccle,NA,NA,NA,NA,nan,NA,NA,NA,NA,NA,NA,NA,NA,NA,NA,NA,NA,NA,NA,NA,NA,NA,NA,NA,NA,NA,NA,NA,NA
ACH-002204_1,NA,ACH-002204,NA,NA,UCH2_BONE,nan,NA,NA,NA,NA,NA,NA,NA,NA,NA,NA,NA,NA,NA,NA,NA,NA,NA,NA,NA,NA,NA,gs://ccle_bams/wes/chordomafoundationsequencedata/BAM_Files/ExomeSeq/ExomeSeq/U-CH2_ExomeSeq_GS001438.cleaned.rg.sorted.markedDupes.realigned.recal.bam,NA,NA,gs://fc-secure-d2a2d895-a7af-4117-bdc7-652d7d268324/125cae1a-2997-44e2-8c59-273494bd7119/ArrayToTxt_workflow/5b5c80c3-080b-4e05-9288-af5b2ace0cd4/call-CreateTxt/chordoma_ACH-002204.txt,NA,gs://ccle_bams/wes/chordomafoundationsequencedata/BAM_Files/ExomeSeq/ExomeSeq/U-CH2_ExomeSeq_GS001438.cleaned.rg.sorted.markedDupes.realigned.recal.bam.bai,NA,NA,NA,NA,chordoma,NA,NA,NA,NA,nan,NA,NA,NA,NA,NA,NA,NA,gs://ccle_bams/hg38_wes/chordoma_ACH-002204.hg38.bai,NA,NA,NA,NA,ICE,gs://ccle_bams/hg38_wes/chordoma_ACH-002204.hg38.bam,NA,NA,NA,NA,NA,NA,NA,NA,NA,NA
ACH-002475_1,NA,ACH-002475,NA,NA,HAP1_1,nan,NA,NA,NA,NA,NA,NA,NA,NA,NA,NA,NA,NA,NA,NA,NA,NA,NA,NA,NA,NA,NA,gs://ccle_bams/wes/DepMap_CellLine_WES_July2019/RP-1561/Exome/HAP1_1/v1/HAP1_1.bam,NA,NA,NA,NA,gs://ccle_bams/wes/DepMap_CellLine_WES_July2019/RP-1561/Exome/HAP1_1/v1/HAP1_1.bai,NA,NA,NA,NA,ccle,NA,NA,NA,NA,nan,NA,NA,NA,NA,NA,NA,NA,NA,NA,NA,NA,NA,NA,NA,NA,NA,NA,NA,NA,NA,NA,NA,NA,NA
ACH-002476_1,NA,ACH-002476,NA,NA,HAP1MLH1KO_1,nan,NA,NA,NA,NA,NA,NA,NA,NA,NA,NA,NA,NA,NA,NA,NA,NA,NA,NA,NA,NA,NA,gs://ccle_bams/wes/DepMap_CellLine_WES_July2019/RP-1561/Exome/HAP1MLH1KO_1/v1/HAP1MLH1KO_1.bam,NA,NA,NA,NA,gs://ccle_bams/wes/DepMap_CellLine_WES_July2019/RP-1561/Exome/HAP1MLH1KO_1/v1/HAP1MLH1KO_1.bai,NA,NA,NA,NA,ccle,NA,NA,NA,NA,nan,NA,NA,NA,NA,NA,NA,NA,NA,NA,NA,NA,NA,NA,NA,NA,NA,NA,NA,NA,NA,NA,NA,NA,NA
